image_url,titre
https://i.ibb.co/GTsZN1k/image.png,"Figure 11-8. Perform Qualitative Risk Analysis- Inputs, Tools & Techniques, and Outputs.png"
https://i.ibb.co/GTsZN1k/image.png,"Figure 11-2. Plan Risk Management- Inputs, Tools & Techniques, and Outputs.png"
https://i.ibb.co/HV2Yb8b/image.png,Table 11-1. Example of Definitions for Probability and Impacts.png
https://i.ibb.co/zH5LqW2/image.png,"Figure 11-10. Example Bubble Chart Showing Detectability, Proximity, and Impact Value.png"
https://i.ibb.co/vDR3hct/image.png,Figure 11-15. Example Decision Tree.png
https://i.ibb.co/BckM33q/image.png,Figure 11-14. Example Tornado Diagram.png
https://i.ibb.co/gvCkM13/image.png,Figure 11-12. Perform Quantitative Risk Analysis- Data Flow Diagram.png
https://i.ibb.co/vLzf0cH/image.png,"Figure 11-11. Perform Quantitative Risk Analysis- Inputs, Tools & Techniques, and Outputs.png"
https://i.ibb.co/2gDM7DF/image.png," Figure 11-6. Identify Risks- Inputs, Tools & Techniques, and Outputs.png"
https://i.ibb.co/gvCkM13/image.png,Figure 11-3. Plan Risk Management- Data Flow Diagram.png
https://i.ibb.co/Wpn2fCB/image.png,"Figure 11-20. Monitor Risks- Inputs, Tools & Techniques, and Outputs.png"
https://i.ibb.co/gvCkM13/image.png,Figure 11-17. Plan Risk Responses- Data Flow Diagram.png
https://i.ibb.co/gvCkM13/image.png,Figure 11-21. Monitor Risks- Data Flow Diagram.png
https://i.ibb.co/DzgKBYr/image.png,Figure 11-1. Project Risk Management Overview.png
https://i.ibb.co/k8B4mhc/image.png, Figure 11-19. Implement Risk Responses- Data Flow Diagram.png
https://i.ibb.co/jks6Pgb/image.png,"Figure 11-16. Plan Risk Responses- Inputs, Tools & Techniques, and Outputs.png"
https://i.ibb.co/9sjQqTF/image.png,Figure 11-13. Example S-Curve from Quantitative Cost Risk Analysis.png
https://i.ibb.co/BwBZwJ6/image.png,Figure 11-4. Extract from Sample Risk Breakdown Structure (RBS).png
https://i.ibb.co/7NwpG2y/image.png,Figure 11-5. Example Probability and Impact Matrix with Scoring Scheme.png
https://i.ibb.co/gvCkM13/image.png, Figure 11-9. Perform Qualitative Risk Analysis- Data Flow Diagram.png
https://i.ibb.co/gvCkM13/image.png,Figure 11-7. Identify Risks- Data Flow Diagram.png
